refinement,nodes,mode,held_out_degree,method,relative_continuum_error,solve_ms
1,18,H4_8,4,raw_Q3,0.6667406276422256,134.10954200662673
1,18,H4_8,4,singular_cell_curvature,0.6667406276422256,133.65479203639552
1,18,H4_8,4,full_degree3_repayment,0.6379309391266882,229.20170903671533
2,66,H4_8,4,raw_Q3,0.31892087721709306,417.70487499888986
2,66,H4_8,4,singular_cell_curvature,0.10946115624732805,396.40133298235014
2,66,H4_8,4,full_degree3_repayment,0.10834365078936352,448.8383749849163
3,258,H4_8,4,raw_Q3,0.16999002817464762,2144.4630419719033
3,258,H4_8,4,singular_cell_curvature,0.06173948550021816,2018.8750420347787
3,258,H4_8,4,full_degree3_repayment,0.061821613222514914,1123.4359579975717
