{
  "method": {
    "basis": "complex de Moivre/Fourier characters exp(i k theta)",
    "dense_q_matrix_stored": false,
    "dense_object": "small Hermitian Fourier-Galerkin block only",
    "low_mode_radius": 24,
    "high_mode_radius": 24,
    "sample_count": 256,
    "interpretation": "fast band-projected spectrum probe, not a full Krylov spectrum"
  },
  "results": {
    "circle": {
      "low_nonzero_ritz": [
        127.49999999999898,
        127.49999999999932,
        253.9999999999993,
        254.00000000000006,
        379.4999999999968,
        379.4999999999981,
        503.9999999999985,
        504.0000000000002,
        627.4999999999948,
        627.4999999999969,
        749.9999999999976,
        750.0000000000005
      ],
      "high_ritz": [
        8192.0,
        8191.499999999956,
        8191.4999999999345,
        8190.000000000002,
        8189.999999999977,
        8187.499999999959,
        8187.499999999932,
        8184.000000000004,
        8183.9999999999745,
        8179.49999999996,
        8179.499999999931,
        8174.000000000005
      ],
      "low_apply_ms": 50.77391699887812,
      "high_apply_ms": 52.00174998026341,
      "low_eig_ms": 0.8117500110529363,
      "high_eig_ms": 0.7739590364508331,
      "total_ms": 104.3613760266453,
      "low_mode_count": 48,
      "high_mode_count": 49,
      "speed_anisotropy": 1.0
    },
    "golden_ellipse": {
      "low_nonzero_ritz": [
        167.2298277632625,
        167.67095020897548,
        328.459012623913,
        331.6955240710847,
        490.9799944431729,
        491.86830736497643,
        651.1629947105649,
        651.5680012440632,
        809.9185310117765,
        810.0464018610526,
        967.2256864749486,
        967.2783220940926
      ],
      "high_ritz": [
        14572.68450300563,
        14572.124857053605,
        14363.592486122567,
        14359.363948348302,
        14133.1637422588,
        14118.867257092026,
        13863.96584234807,
        13832.92907556524,
        13549.827522420323,
        13497.93660745817,
        13195.750952781797,
        13121.522273316026
      ],
      "low_apply_ms": 50.981582957319915,
      "high_apply_ms": 52.17141599860042,
      "low_eig_ms": 436.0756669775583,
      "high_eig_ms": 794.2262499709614,
      "total_ms": 1333.45491590444,
      "low_mode_count": 48,
      "high_mode_count": 49,
      "speed_anisotropy": 1.3415150828720037
    },
    "rounded_square": {
      "low_nonzero_ritz": [
        233.77183131017094,
        233.77183131017168,
        384.6584862932498,
        454.62271616055455,
        546.0483407602163,
        546.0483407602173,
        572.7597692497322,
        775.7705237603309,
        854.3075069767256,
        854.3075069767277,
        958.9553323846412,
        1045.4260115870372
      ],
      "high_ritz": [
        31705.69257463229,
        31673.428489896483,
        31672.310304362545,
        31672.310304362538,
        30475.826351174634,
        30321.316524411992,
        30319.31864308236,
        30319.318643082297,
        28837.97740020037,
        28464.014722154625,
        28462.02154651317,
        28462.021546513053
      ],
      "low_apply_ms": 50.666249997448176,
      "high_apply_ms": 51.901458005886525,
      "low_eig_ms": 301.2036250438541,
      "high_eig_ms": 392.50016695586964,
      "total_ms": 796.2715000030585,
      "low_mode_count": 48,
      "high_mode_count": 49,
      "speed_anisotropy": 10.364404783763561
    },
    "flower_nonconvex": {
      "low_nonzero_ritz": [
        146.59227900896312,
        146.89125889508387,
        288.2551262620522,
        288.93872688144927,
        426.3351999945891,
        426.4901712035065,
        560.0371885139693,
        561.9531530460567,
        690.239102477346,
        695.1817177307225,
        822.2015114522698,
        823.9991856689073
      ],
      "high_ritz": [
        20741.258145045278,
        19749.398650853225,
        18154.69646345677,
        16583.723983007203,
        15621.026123582928,
        15194.875987330233,
        14916.215148312625,
        14303.97712497693,
        13653.662176330809,
        13145.835970321576,
        11268.03181996036,
        11205.331695020239
      ],
      "low_apply_ms": 50.82745896652341,
      "high_apply_ms": 52.84441699041054,
      "low_eig_ms": 1373.227083007805,
      "high_eig_ms": 1939.3715839833021,
      "total_ms": 3416.270542948041,
      "low_mode_count": 48,
      "high_mode_count": 49,
      "speed_anisotropy": 2.206087831859071
    },
    "cardioid_one_cusp": {
      "low_nonzero_ritz": [
        301.41790955011936,
        316.2536481791223,
        467.32812557480196,
        483.2221613755853,
        621.7414554880625,
        638.1676703751978,
        770.11562753817,
        786.8371293192787,
        914.2841910431762,
        931.1652938877637,
        1055.0963728672155,
        1072.0492307723462
      ],
      "high_ritz": [
        32952812.226395145,
        4424299.408832619,
        1251849.4919747543,
        559204.7332962338,
        311468.86256366357,
        197846.83705251393,
        136545.07551410593,
        99999.6532255582,
        76436.08128773881,
        60423.24280518407,
        49027.980013478256,
        40654.70202783121
      ],
      "low_apply_ms": 50.14145898167044,
      "high_apply_ms": 55.83320796722546,
      "low_eig_ms": 1539.844166021794,
      "high_eig_ms": 1816.75316701876,
      "total_ms": 3462.57199998945,
      "low_mode_count": 48,
      "high_mode_count": 49,
      "speed_anisotropy": 162.92354319242236
    },
    "nephroid_two_cusps": {
      "low_nonzero_ritz": [
        305.39425547437685,
        415.6199497009808,
        441.43768514452165,
        464.7852013113081,
        593.396925893102,
        650.8172577573107,
        694.4721097988728,
        719.1520513793635,
        836.8706315518604,
        872.8223390676008,
        927.92069648441,
        953.0409763046297
      ],
      "high_ritz": [
        6614691.769742049,
        6412851.129243998,
        907657.1070374988,
        845005.4691186754,
        258902.9051241729,
        238916.01335406493,
        116367.34056958515,
        107277.32577461275,
        65312.760265247096,
        60226.11524332047,
        41873.8825756326,
        38653.6916226792
      ],
      "low_apply_ms": 51.55462503898889,
      "high_apply_ms": 53.872208984103054,
      "low_eig_ms": 779.2366659850813,
      "high_eig_ms": 923.6933340434916,
      "total_ms": 1808.356834051665,
      "low_mode_count": 48,
      "high_mode_count": 49,
      "speed_anisotropy": 81.43963105749864
    },
    "astroid_four_cusps": {
      "low_nonzero_ritz": [
        440.7165178174986,
        440.71651781750086,
        550.3566834633109,
        741.3508531553161,
        779.1805483059145,
        779.1805483059168,
        808.6439157861589,
        854.4490848302703,
        998.883042170484,
        998.8830421704868,
        1099.502684250919,
        1186.4072865561227
      ],
      "high_ritz": [
        1707874.1367914723,
        1607994.9778028773,
        1607848.7593486786,
        1607848.7593486765,
        244812.55641917847,
        213083.21647733,
        213067.15740096912,
        213067.15740096767,
        71327.7469426131,
        61118.13460808,
        61114.66587219514,
        61114.665872195095
      ],
      "low_apply_ms": 50.09875004179776,
      "high_apply_ms": 53.49362501874566,
      "low_eig_ms": 371.89708300866187,
      "high_eig_ms": 444.34433296555653,
      "total_ms": 919.8337910347618,
      "low_mode_count": 48,
      "high_mode_count": 49,
      "speed_anisotropy": 40.730031910449355
    },