problem,parameter,damping,spectral_shift_real,spectral_shift_imag,maximum_root_modulus,minimum_root_modulus,marginal_modes,maximum_fixed_point_residual,maximum_root_residual
laplace,0.0,0.0,0.0,0.0,1.0,0.17157287525380985,1,8.881784197001252e-16,8.881784197001252e-16
screened_poisson,0.6,0.0,0.36,0.0,0.553581609465367,0.1613247938872257,0,8.881784197001252e-16,8.881784197001252e-16
heat_resolvent,0.4,0.0,0.4,0.0,0.5366750419289201,0.16026316928586723,0,8.881784197001252e-16,8.881784197001252e-16
helmholtz,0.7,0.2,-0.48999999999999994,0.2,0.8609172644853368,0.18774282695715053,0,2.0358293740687926e-15,2.0358293740687926e-15
wave_resolvent,0.7,0.2,-0.44999999999999996,0.27999999999999997,0.8082092836230884,0.18615194259796872,0,1.8452761694870047e-15,1.8452761694870047e-15
