{
  "constants": {
    "zeta_half": -1.4603545088095868,
    "bgk_beta": 0.5825971579390108,
    "endpoint_defect": -0.5825971579390108
  },
  "monte_carlo": [
    {
      "n": 64.0,
      "paths": 20000.0,
      "continuous_brownian_max": 6.383076486422923,
      "spitzer_exact_discrete_max": 5.825380755498457,
      "bgk_approx_discrete_max": 5.800479328483912,
      "monte_carlo_mean": 5.818261453618008,
      "monte_carlo_stderr": 0.03454597744024155,
      "exact_endpoint_defect": -0.5576957309244666,
      "monte_carlo_endpoint_defect": -0.5648150328049155,
      "exact_beta_estimate": 0.5576957309244666,
      "monte_carlo_beta_estimate": 0.5648150328049155,
      "exact_zeta_half_estimate": -1.3979358877762702,
      "monte_carlo_zeta_half_estimate": -1.4157813311654373,
      "exact_bgk_residual": 0.024901427014544453,
      "monte_carlo_minus_spitzer": -0.007119301880448958
    },
    {
      "n": 128.0,
      "paths": 12000.0,
      "continuous_brownian_max": 9.0270333367641,
      "spitzer_exact_discrete_max": 8.462055624888283,
      "bgk_approx_discrete_max": 8.44443617882509,
      "monte_carlo_mean": 8.429200082205828,
      "monte_carlo_stderr": 0.06171213133678742,
      "exact_endpoint_defect": -0.5649777118758177,
      "monte_carlo_endpoint_defect": -0.5978332545582727,
      "exact_beta_estimate": 0.5649777118758177,
      "monte_carlo_beta_estimate": 0.5978332545582727,
      "exact_zeta_half_estimate": -1.4161891071242512,
      "monte_carlo_zeta_half_estimate": -1.4985457393904387,
      "exact_bgk_residual": 0.017619446063193323,
      "monte_carlo_minus_spitzer": -0.03285554268245505
    },
    {
      "n": 256.0,
      "paths": 8000.0,
      "continuous_brownian_max": 12.766152972845846,
      "spitzer_exact_discrete_max": 12.196018702922515,
      "bgk_approx_discrete_max": 12.183555814906835,
      "monte_carlo_mean": 12.302042329406781,
      "monte_carlo_stderr": 0.1094263183901512,
      "exact_endpoint_defect": -0.5701342699233312,
      "monte_carlo_endpoint_defect": -0.4641106434390654,
      "exact_beta_estimate": 0.5701342699233312,
      "monte_carlo_beta_estimate": 0.4641106434390654,
      "exact_zeta_half_estimate": -1.4291146813259246,
      "monte_carlo_zeta_half_estimate": -1.1633528614015478,
      "exact_bgk_residual": 0.012462888015679852,
      "monte_carlo_minus_spitzer": 0.10602362648426578
    },
    {
      "n": 512.0,
      "paths": 5000.0,
      "continuous_brownian_max": 18.0540666735282,
      "spitzer_exact_discrete_max": 17.48028354302416,
      "bgk_approx_discrete_max": 17.47146951558919,
      "monte_carlo_mean": 17.65232364264553,
      "monte_carlo_stderr": 0.19509753662440427,
      "exact_endpoint_defect": -0.5737831305040402,
      "monte_carlo_endpoint_defect": -0.4017430308826704,
      "exact_beta_estimate": 0.5737831305040402,
      "monte_carlo_beta_estimate": 0.4017430308826704,
      "exact_zeta_half_estimate": -1.4382610184277163,
      "monte_carlo_zeta_half_estimate": -1.0070204403464567,
      "exact_bgk_residual": 0.008814027434969063,
      "monte_carlo_minus_spitzer": 0.1720400996213698
    },
    {
      "n": 1024.0,
      "paths": 3000.0,
      "continuous_brownian_max": 25.532305945691693,
      "spitzer_exact_discrete_max": 24.955941753602644,
      "bgk_approx_discrete_max": 24.949708787752684,
      "monte_carlo_mean": 24.868144334733927,
      "monte_carlo_stderr": 0.34887792788148064,
      "exact_endpoint_defect": -0.5763641920890485,
      "monte_carlo_endpoint_defect": -0.6641616109577662,
      "exact_beta_estimate": 0.5763641920890485,
      "monte_carlo_beta_estimate": 0.6641616109577662,
      "exact_zeta_half_estimate": -1.4447307803752623,
      "monte_carlo_zeta_half_estimate": -1.664806272951211,
      "exact_bgk_residual": 0.006232965849960692,
      "monte_carlo_minus_spitzer": -0.08779741886871761
    },
    {
      "n": 2048.0,
      "paths": 1500.0,
      "continuous_brownian_max": 36.1081333470564,
      "spitzer_exact_discrete_max": 35.52994374088782,
      "bgk_approx_discrete_max": 35.52553618911739,
      "monte_carlo_mean": 35.950552974640615,
      "monte_carlo_stderr": 0.7174579661776924,
      "exact_endpoint_defect": -0.5781896061685785,
      "monte_carlo_endpoint_defect": -0.15758037241578648,
      "exact_beta_estimate": 0.5781896061685785,
      "monte_carlo_beta_estimate": 0.15758037241578648,
      "exact_zeta_half_estimate": -1.4493064149199215,
      "monte_carlo_zeta_half_estimate": -0.39499541702429336,
      "exact_bgk_residual": 0.0044075517704342815,
      "monte_carlo_minus_spitzer": 0.420609233752792
    }
  ],
  "q_dtn_endpoint": [
    {
      "n": 64.0,
      "cycle_dtn_zeta_sum_s_half": 22.20877934280333,
      "bulk_integral": 25.132741228718345,
      "bulk_plus_bgk_endpoint": 22.21203221109917,
      "raw_endpoint_residual": -2.9239618859150163,
      "bgk_corrected_residual": -0.0032528682958421484,
      "half_residual_zeta_estimate": -1.4619809429575081
    },
    {
      "n": 128.0,
      "cycle_dtn_zeta_sum_s_half": 32.620729212442406,
      "bulk_integral": 35.54306350526693,
      "bulk_plus_bgk_endpoint": 32.622354487647755,
      "raw_endpoint_residual": -2.922334292824523,
      "bgk_corrected_residual": -0.0016252752053489417,
      "half_residual_zeta_estimate": -1.4611671464122615
    },
    {
      "n": 256.0,
      "cycle_dtn_zeta_sum_s_half": 47.34396109291406,
      "bulk_integral": 50.26548245743669,
      "bulk_plus_bgk_endpoint": 47.344773439817516,
      "raw_endpoint_residual": -2.921521364522633,
      "bgk_corrected_residual": -0.0008123469034586606,
      "half_residual_zeta_estimate": -1.4607606822613164
    },
    {
      "n": 512.0,
      "cycle_dtn_zeta_sum_s_half": 68.16501189225748,
      "bulk_integral": 71.08612701053386,
      "bulk_plus_bgk_endpoint": 68.16541799291468,
      "raw_endpoint_residual": -2.9211151182763757,
      "bgk_corrected_residual": -0.0004061006572015913,
      "half_residual_zeta_estimate": -1.4605575591381879
    },
    {
      "n": 1024.0,
      "cycle_dtn_zeta_sum_s_half": 97.61005286513915,
      "bulk_integral": 100.53096491487338,
      "bulk_plus_bgk_endpoint": 97.6102558972542,
      "raw_endpoint_residual": -2.920912049734227,
      "bgk_corrected_residual": -0.0002030321150527925,
      "half_residual_zeta_estimate": -1.4604560248671135
    },
    {
      "n": 2048.0,
      "cycle_dtn_zeta_sum_s_half": 139.25144349194628,
      "bulk_integral": 142.17225402106772,
      "bulk_plus_bgk_endpoint": 139.25154500344854,
      "raw_endpoint_residual": -2.9208105291214395,
      "bgk_corrected_residual": -0.000101511502265339,
      "half_residual_zeta_estimate": -1.4604052645607197
    },
    {
      "n": 4096.0,
      "cycle_dtn_zeta_sum_s_half": 198.1411700575155,
      "bulk_integral": 201.06192982974676,
      "bulk_plus_bgk_endpoint": 198.14122081212759,
      "raw_endpoint_residual": -2.920759772231264,
      "bgk_corrected_residual": -5.0754612090031515e-05,
      "half_residual_zeta_estimate": -1.460379886115632
    },
    {
      "n": 8192.0,
      "cycle_dtn_zeta_sum_s_half": 281.423773647495,
      "bulk_integral": 284.34450804213543,
      "bulk_plus_bgk_endpoint": 281.42379902451626,
      "raw_endpoint_residual": -2.9207343946404194,
      "bgk_corrected_residual": -2.537702124527641e-05,
      "half_residual_zeta_estimate": -1.4603671973202097
    },
    {
      "n": 16384.0,
      "cycle_dtn_zeta_sum_s_half": 399.2031379534349,
      "bulk_integral": 402.1238596594935,
      "bulk_plus_bgk_endpoint": 399.20315064187434,
      "raw_endpoint_residual": -2.9207217060586004,
      "bgk_corrected_residual": -1.2688439426256082e-05,
      "half_residual_zeta_estimate": -1.4603608530293002
    },
    {
      "n": 32768.0,
      "cycle_dtn_zeta_sum_s_half": 565.7683007224498,
      "bulk_integral": 568.6890160842709,
      "bulk_plus_bgk_endpoint": 565.7683070666517,
      "raw_endpoint_residual": -2.920715361821067,