{
  "method": {
    "dense_matrix_stored": false,
    "boundary_generator": "z(theta)=J(c+R exp(i(theta_c+theta))), J(zeta)=zeta+a^2/zeta",
    "borrow": "circle coordinate theta and Joukowski QJet generator",
    "compute": "physical chord distances and pullback weights |J'(zeta) zeta_theta| dtheta",
    "repay": "trailing-edge cusp is repaid by J'(zeta_c)=0, giving ds~|theta-theta_c|dtheta",
    "figure_3_check": "arclength-uniform samples do not generally map to equispaced circle samples; equispaced circle samples require metric weights or harmonic-measure resampling",
    "reference_n": 262144,
    "q_reference_n": 4096,
    "q_energy": "(1/(2*pi)) sum_ij w_i w_j (u_i-u_j)^2/|z_i-z_j|^2, evaluated blockwise"
  },
  "params": {
    "a": 1.0,
    "center": [
      -0.1,
      0.08
    ],
    "radius": 1.102905254316979,
    "cusp_theta": -0.07259945373049462,
    "normalized_cusp": [
      1.0,
      0.0
    ],
    "target": [
      0.97,
      0.065
    ]
  },
  "local_scaling": {
    "phi_abs": [
      1e-07,
      1e-06,
      1e-05,
      0.0001,
      0.001,
      0.01
    ],
    "distance_to_cusp": [
      2.9193732560936745e-15,
      3.014912233858195e-13,
      3.0157361367432824e-11,
      3.015738443500825e-09,
      3.015738114497703e-07,
      3.0156987249458793e-05
    ],
    "speed": [
      6.031477024552897e-08,
      6.03147702445267e-07,
      6.031477024380183e-06,
      6.031477008701877e-05,
      0.0006031475440575322,
      0.006031318629875942
    ],
    "distance_slope": 2.0020242520146176,
    "speed_slope": 0.9999983608629831
  },
  "regularization": {
    "theta_fraction": [
      0.0001220703125,
      0.0079345703125,
      0.0157470703125,
      0.0235595703125,
      0.0313720703125,
      0.0391845703125,
      0.04699707031250001,
      0.05480957031250001,
      0.0626220703125,
      0.0704345703125,
      0.0782470703125,
      0.0860595703125,
      0.0938720703125,
      0.1016845703125,
      0.1094970703125,
      0.1173095703125,
      0.1251220703125,
      0.1329345703125,
      0.1407470703125,
      0.1485595703125,
      0.1563720703125,
      0.1641845703125,
      0.1719970703125,
      0.1798095703125,
      0.1876220703125,
      0.1954345703125,
      0.2032470703125,
      0.2110595703125,
      0.2188720703125,
      0.2266845703125,
      0.2344970703125,
      0.2423095703125,
      0.2501220703125,
      0.2579345703125,
      0.2657470703125,
      0.2735595703125,
      0.2813720703125,
      0.2891845703125,
      0.2969970703125,
      0.3048095703125,
      0.3126220703125,
      0.3204345703125,
      0.32824707031250006,
      0.3360595703125,
      0.3438720703125,
      0.3516845703125,
      0.3594970703125,
      0.36730957031249994,
      0.3751220703125,
      0.3829345703125,
      0.39074707031250006,
      0.3985595703125,
      0.4063720703125,
      0.4141845703125,
      0.4219970703125,
      0.42980957031249994,
      0.4376220703125,
      0.4454345703125,
      0.45324707031250006,
      0.4610595703125,
      0.4688720703125,
      0.4766845703125,
      0.4844970703125,
      0.49230957031249994,
      0.5001220703125,
      0.5079345703125,
      0.5157470703125,
      0.5235595703125,
      0.5313720703125,
      0.5391845703125,
      0.5469970703125,
      0.5548095703125,
      0.5626220703125,
      0.5704345703125,
      0.5782470703125,
      0.5860595703125,
      0.5938720703125,
      0.6016845703125,
      0.6094970703125,
      0.6173095703125,
      0.6251220703125,
      0.6329345703125,
      0.6407470703125,
      0.6485595703125,
      0.6563720703125,
      0.6641845703125,
      0.6719970703125001,
      0.6798095703125,
      0.6876220703125,
      0.6954345703125,
      0.7032470703125,
      0.7110595703124999,
      0.7188720703125,
      0.7266845703125,
      0.7344970703125,
      0.7423095703125,
      0.7501220703124999,
      0.7579345703125001,
      0.7657470703125,
      0.7735595703125,
      0.7813720703125,
      0.7891845703125,
      0.7969970703125001,
      0.8048095703125,
      0.8126220703125,
      0.8204345703125,
      0.8282470703125,
      0.8360595703124999,
      0.8438720703125,
      0.8516845703125,
      0.8594970703125,
      0.8673095703125,
      0.8751220703124999,
      0.8829345703125001,
      0.8907470703125,
      0.8985595703125,
      0.9063720703125,
      0.9141845703125,
      0.9219970703125001,
      0.9298095703125,
      0.9376220703125,
      0.9454345703125,
      0.9532470703125,
      0.9610595703124999,
      0.9688720703125,
      0.9766845703125,
      0.9844970703125,
      0.9923095703125
    ],