{
  "source_pdf": "symbol_of_observation (1).pdf",
  "source_sha256": "9ec1b0fc0917de004443564a5ae275b538fcc6a15ed022d43b23ed462b065b49",
  "profile": "full",
  "nfft": 16384,
  "certificates": {
    "C1": {
      "name": "C1 Spitzer over complex measure",
      "pass": true,
      "n": 7,
      "direct_expected_max": {
        "re": -0.1141994000000164,
        "im": 3.2746357999999587,
        "abs": 3.2766264855185634
      },
      "spitzer_sum": {
        "re": -0.11419939999999928,
        "im": 3.2746357999999947,
        "abs": 3.276626485518599
      },
      "difference": 3.9833730815867814e-14,
      "tolerance": 1e-12
    },
    "C2_C3": {
      "name": "C2/C3 strobe transfer and zeta-zero blindness",
      "pass": true,
      "cutoff": 50.0,
      "deltas": [
        0.02,
        0.01,
        0.005
      ],
      "tau14_zeta_half_minus_itau": {
        "re": 0.02224114260999359,
        "im": 0.10325812326645006,
        "abs": 0.10562626777988261
      },
      "tau14_next_coefficient_abs": 1.2156492314264835,
      "tau14_rows": [
        {
          "delta": 0.02,
          "R": {
            "re": 0.043411209411067304,
            "im": 0.09295985731144442,
            "abs": 0.10259662847236084
          },
          "error_to_zeta_half": 0.023542005225595204,
          "error_over_delta": 1.17710026127976
        },
        {
          "delta": 0.01,
          "R": {
            "re": 0.0329908600540391,
            "im": 0.09801063664303075,
            "abs": 0.10341412738246838
          },
          "error_to_zeta_half": 0.011962129450469136,
          "error_over_delta": 1.1962129450469137
        },
        {
          "delta": 0.005,
          "R": {
            "re": 0.02765763999955419,
            "im": 0.10060937999510357,
            "abs": 0.10434170974899772
          },
          "error_to_zeta_half": 0.006029451458351759,
          "error_over_delta": 1.2058902916703518
        }
      ],
      "gamma1": 14.134725141734695,
      "gamma1_next_coefficient_abs": 1.225463054059083,
      "gamma1_rows": [
        {
          "delta": 0.02,
          "R": {
            "re": 0.022962124409229324,
            "im": -0.005976418780410467,
            "abs": 0.023727130859498544
          },
          "abs_R_over_delta": 1.1863565429749272
        },
        {
          "delta": 0.01,
          "R": {
            "re": 0.011661485448457465,
            "im": -0.0030646025752629536,
            "abs": 0.012057447151403713
          },
          "abs_R_over_delta": 1.2057447151403713
        },
        {
          "delta": 0.005,
          "R": {
            "re": 0.0058763786956046145,
            "im": -0.0015517613868518542,
            "abs": 0.0060778112816934505
          },
          "abs_R_over_delta": 1.21556225633869
        }
      ]
    },
    "C4_C6": {
      "name": "C4-C6 FFT-Spitzer lattice certificates",
      "pass": true,
      "nfft": 16384,
      "srw": {
        "nfft": 16384,
        "record_n": [
          1000,
          2000,
          4000
        ],
        "constants": {
          "1000": {
            "re": -0.5000023641227849,
            "im": 1.9136872348446954e-12,
            "abs": 0.5000023641227849
          },
          "2000": {
            "re": -0.5000008361932144,
            "im": 4.518092467721834e-12,
            "abs": 0.5000008361932144
          },
          "4000": {
            "re": -0.500000295890494,
            "im": 8.851284356731131e-12,
            "abs": 0.500000295890494
          }
        },
        "tv": {
          "4000": 1.0000000000009635
        }
      },
      "sector": {
        "theta_0.785398": {
          "nfft": 16384,
          "record_n": [
            750,
            3000
          ],
          "constants": {
            "750": {
              "re": -0.6729811879217132,
              "im": -0.157358757689304,
              "abs": 0.6911334588326927
            },
            "3000": {
              "re": -0.6746619596659201,
              "im": -0.15666181428973333,
              "abs": 0.6926122175335998
            }
          },
          "tv": {
            "1": 1.1418504099745688,
            "100": 1.18816420157623,
            "3000": 1.189172086440161
          },
          "theta": 0.7853981633974483,
          "sigma": {
            "re": 0.9238795325112867,
            "im": 0.3826834323650898,
            "abs": 1.0
          },
          "tv_limit_sec_sqrt": 1.189207115002721,
          "tv_relative_error_last": 2.945539268828035e-05
        },
        "theta_1.047198": {
          "nfft": 16384,
          "record_n": [
            750,
            3000
          ],
          "constants": {
            "750": {
              "re": -0.6320251525376357,
              "im": -0.199910576245716,
              "abs": 0.662887646539831
            },
            "3000": {
              "re": -0.6336005777982973,
              "im": -0.19900003084162285,
              "abs": 0.664116484105991
            }
          },
          "tv": {
            "1": 1.2844635658634505,
            "100": 1.4115526891232644,
            "3000": 1.414125162111742
          },
          "theta": 1.0471975511965976,
          "sigma": {
            "re": 0.8660254037844387,
            "im": 0.49999999999999994,
            "abs": 1.0
          },
          "tv_limit_sec_sqrt": 1.414213562373095,
          "tv_relative_error_last": 6.250842426123982e-05
        }
      },
      "unitary_face": {
        "nfft": 16384,
        "record_n": [
          1500,
          3000
        ],
        "constants": {
          "1500": {
            "re": -0.5194702300114614,
            "im": -0.2518198692837474,
            "abs": 0.5772889800041607
          },
          "3000": {
            "re": -0.5200030990506892,
            "im": -0.2512879231874006,
            "abs": 0.5775368761924712
          }
        },
        "tv": {
          "100": 12.932782905357481,
          "3000": 67.40152263189265
        },
        "theta": 1.5707963267948966,
        "sigma": {
          "re": 0.7071067811865476,
          "im": 0.7071067811865475,
          "abs": 1.0
        },
        "watson_tv_over_sqrt_k": 1.2171884777994832,
        "tv_over_sqrt_k": {
          "100": 1.293278290535748,
          "3000": 1.2305778118560857
        }
      }
    },
    "C9": {
      "name": "C9 sawtooth law Im(kappa) = -L/4",
      "pass": true,
      "nfft": 16384,
      "records": [
        750,
        3000
      ],
      "rows": [
        {
          "name": "beta_1_1over4",
          "beta": [
            1.0,
            0.25
          ],
          "s": 2.0,
          "L": 1.5,
          "kappa_richardson": {
            "re": -0.6811405805183773,
            "im": -0.3749976657621623,
            "abs": 0.7775446866617908
          },
          "target_imag": -0.375,
          "imag_error": 2.3342378376867146e-06,
          "raw": {
            "nfft": 16384,
            "record_n": [
              750,
              3000
            ],
            "constants": {
              "750": {
                "re": -0.6783788695782159,
                "im": -0.37774017994607145,
                "abs": 0.7764570395301394
              },
              "3000": {
                "re": -0.6797597250482966,
                "im": -0.3763689228541169,
                "abs": 0.7769986164003795
              }
            },
            "tv": {}
          }
        },
        {
          "name": "beta_1_minus1over8",
          "beta": [
            1.0,
            -0.125
          ],
          "s": 0.5,
          "L": 0.75,
          "kappa_richardson": {
            "re": -0.30953478468896906,
            "im": -0.1874982007821675,
            "abs": 0.36189412571772483
          },
          "target_imag": -0.1875,
          "imag_error": 1.7992178324988117e-06,
          "raw": {
            "nfft": 16384,
            "record_n": [
              750,
              3000
            ],