control,n,phase,post_multiplier_for_scale_control,relative_deviation_from_base_first6,ritz_1,ritz_2,ritz_3,ritz_4,ritz_5,ritz_6
base_midpoint_nodes,1024,0.5,1.0,0.0,12.456167329079173,9.640812840685376,8.68520167850394,7.949907864155421,7.174860039245402,6.624604631005807
rotate_37_translate,1024,0.5,1.0,1.0039738315003461e-15,12.45616732907916,9.640812840685365,8.685201678503942,7.949907864155408,7.174860039245399,6.624604631005807
reverse_orientation,1024,0.5,1.0,9.667159199776696e-06,12.456368267310118,9.640874589053283,8.685195758564143,7.949936268315812,7.174864463810755,6.624606691390969
node_phase_0p125,1024,0.125,1.0,5.5742581566911784e-05,12.455970805901307,9.640471041531248,8.684083869031863,7.9498377386032795,7.174648966091305,6.62439615429225
corner_node_phase_0,1024,0.0,1.0,9.067305284852217e-05,12.457014368993999,9.640697324333559,8.683449759596469,7.94994631402139,7.174590223097714,6.624306045070274
node_phase_golden,1024,0.61803398875,1.0,5.090594920794697e-05,12.45722240778204,9.641135171549063,8.68506877888202,7.950028483791805,7.174863388954709,6.624595070845471
scale_area_2p25_rescaled,1024,0.5,1.5,1.380093553228797e-15,12.456167329079182,9.640812840685367,8.685201678503917,7.949907864155417,7.1748600392454165,6.624604631005811
